Count,Title,Video Link
1,妻子美的理由 1,https://www.xrlu.com/storage/video/video/2020120600202131.mp4
2,碧池W@不可能有清妹!!? 1,https://www.xrlu.com/storage/video/video/2020120600202291.mp4
3,完美大小姐的我才不可能下跪落成受虐狂 2,https://www.xrlu.com/storage/video/video/2020120600202121.mp4
4,三射面～Biu辱的{教W@～ 1,https://www.xrlu.com/storage/video/video/2020120600202141.mp4
5,奴`的水滴 1,https://www.xrlu.com/storage/video/video/2020120600202111.mp4
6,露妮的房～蒂娜u上的～ 2,https://www.xrlu.com/storage/video/video/20201206003025731.mp4
7,催眠性指 2,https://www.xrlu.com/storage/video/video/20201206003114791.mp4
8,等待神的奈,https://www.xrlu.com/storage/video/video/20201206002022161.mp4
9,因此人妻就被NTR了 1,https://www.xrlu.com/storage/video/video/20201206002022181.mp4
10,猥便利店店L 1,https://www.xrlu.com/storage/video/video/20201206002023221.mp4
11,W@痴女姐姐Maxheart 3,https://www.xrlu.com/storage/video/video/20201206002023231.mp4
12,催眠性指 1,https://www.xrlu.com/storage/video/video/20201206002023281.mp4
13,我家的莉莉I娜小姐 1,https://www.xrlu.com/storage/video/video/202012060037101121.mp4
14,即使如此是壑妻子2 第2,https://www.xrlu.com/storage/video/video/20201206002024361.mp4
15,完美大小姐的我才不可能下跪落成受虐狂 1,https://www.xrlu.com/storage/video/video/20201206002024381.mp4
16,裟小柯壤蚩 2,https://www.xrlu.com/storage/video/video/20201206002025501.mp4
17,魔公主的性感}姿 2,https://www.xrlu.com/storage/video/video/20201206002025481.mp4
18,放n後的等生 3,https://www.xrlu.com/storage/video/video/20201206002026581.mp4
19,妻NTR?凌辱 2,https://www.xrlu.com/storage/video/video/20201206002027641.mp4
20,}女之血-BRAVE- 1,https://www.xrlu.com/storage/video/video/20201206002032701.mp4
21,回w自然的暑假 1,https://www.xrlu.com/storage/video/video/20201206003026761.mp4
22,思君之 1,https://www.xrlu.com/storage/video/video/20201206003114821.mp4
23,即使如此是壑妻子2 第1,https://www.xrlu.com/storage/video/video/20201206003116881.mp4
24,巨乳痴女W@ 2,https://www.xrlu.com/storage/video/video/20201206003127971.mp4
25,我和女o士的研修日I 1,https://www.xrlu.com/storage/video/video/202012060033331061.mp4
26,露妮的房～蒂娜u上的～ 1,https://www.xrlu.com/storage/video/video/202012060037111151.mp4
27,Tinderbox 2,https://www.xrlu.com/storage/video/video/202012060038231241.mp4
28,W@痴女姐姐Maxheart 2,https://www.xrlu.com/storage/video/video/202012060040571331.mp4
29,魔界T士英格德：Re 1,https://www.xrlu.com/storage/video/video/202012060043571451.mp4
30,巨乳JK和大叔肉棒的耩ゐは铝 2,https://www.xrlu.com/storage/video/video/202012060045291531.mp4
31,魔公主的性感}姿 1,https://www.xrlu.com/storage/video/video/202012060047091641.mp4
32,感染罪褐地,https://www.xrlu.com/storage/video/video/202012060100332841.mp4
33,l情_P 1,https://www.xrlu.com/storage/video/video/202012060052191761.mp4
34,o你A住 2,https://www.xrlu.com/storage/video/video/202012060052201791.mp4
35,催眠☆W@ 4,https://www.xrlu.com/storage/video/video/202012060052221881.mp4
36,被我痴h之後的女子高生、情j四溢的淫y酃适 2,https://www.xrlu.com/storage/video/video/202012060102222931.mp4
37,被我痴h之後的女子高生、情j四溢的淫y酃适 1,https://www.xrlu.com/storage/video/video/202012060106273101.mp4
38,巨乳JK和大叔肉棒的耩ゐは铝 1,https://www.xrlu.com/storage/video/video/202012060055032121.mp4
39,巨乳痴女W@ 1,https://www.xrlu.com/storage/video/video/202012060055212181.mp4
40,Free Friend 2 第4,https://www.xrlu.com/storage/video/video/202012060055262391.mp4
41,抖S娜L大人被抖MP支配了 4,https://www.xrlu.com/storage/video/video/202012060055302511.mp4
42,陪睡女友,https://www.xrlu.com/storage/video/video/202012060055322631.mp4
43,合法化!!! 2,https://www.xrlu.com/storage/video/video/20201206002023311.mp4
44,Tinderbox 1,https://www.xrlu.com/storage/video/video/20201206002024341.mp4
45,合法化!!! 1,https://www.xrlu.com/storage/video/video/20201206002024431.mp4
46,最喜g的 2,https://www.xrlu.com/storage/video/video/20201206002025461.mp4
47,真工口[颍 2,https://www.xrlu.com/storage/video/video/20201206002026551.mp4
48,W@痴女姐姐Maxheart 1,https://www.xrlu.com/storage/video/video/202012060035421091.mp4
49,淫行教4 feat.色情hT先生 2,
50,天降女子！～女孩子2...掉下砹耍。俊 9,https://www.xrlu.com/storage/video/video/20201206002031671.mp4
51,o你A住 1,https://www.xrlu.com/storage/video/video/202012060033321031.mp4
52,妖精W生和她的老 1,https://www.xrlu.com/storage/video/video/20201206003127941.mp4
53,最喜g的 1,https://www.xrlu.com/storage/video/video/202012060040561301.mp4
54,催眠☆W@ 3,https://www.xrlu.com/storage/video/video/20201206003115851.mp4
55,我侵犯┡的理由 4,https://www.xrlu.com/storage/video/video/20201206003116911.mp4
56,放n後的等生 2,https://www.xrlu.com/storage/video/video/202012060031281001.mp4
57,看穿}x母姐妹的本|性廴味 2,https://www.xrlu.com/storage/video/video/202012060043551391.mp4
58,Lilitales 4,https://www.xrlu.com/storage/video/video/202012060037111181.mp4
59,水推舟→援交女孩!! 2,https://www.xrlu.com/storage/video/video/202012060052171701.mp4
60,Free Friend 2 第3,https://www.xrlu.com/storage/video/video/202012060040581361.mp4
61,我侵犯┡的理由 3,https://www.xrlu.com/storage/video/video/202012060043561421.mp4
62,裢JK的避雨制 2,https://www.xrlu.com/storage/video/video/202012060055202151.mp4
63,一求乳魂 4,https://www.xrlu.com/storage/video/video/202012060047091611.mp4
64,Lilitales 3,https://www.xrlu.com/storage/video/video/202012060052231911.mp4
65,抖S娜L大人被抖MP支配了 3,https://www.xrlu.com/storage/video/video/202012060055022091.mp4
66,裢JK的避雨制 1,https://www.xrlu.com/storage/video/video/202012060106043071.mp4
67,看穿}x母姐妹的本|性廴味 1,https://www.xrlu.com/storage/video/video/202012060055222211.mp4
68,Lilitales 2,https://www.xrlu.com/storage/video/video/202012060055252301.mp4
69,漆黑的射干 2,https://www.xrlu.com/storage/video/video/202012060055282451.mp4
70,放n後的等生 1,https://www.xrlu.com/storage/video/video/202012060055302541.mp4
71,催眠☆W@ 2,https://www.xrlu.com/storage/video/video/202012060055322601.mp4
72,我侵犯┡的理由 2,https://www.xrlu.com/storage/video/video/202012060055392751.mp4
73,Lilitales 1,https://www.xrlu.com/storage/video/video/202012060055452811.mp4
74,傲啥M！ 1,https://www.xrlu.com/storage/video/video/202012060104203021.mp4
75,Y?受胎u 2,https://www.xrlu.com/storage/video/video/202012060115183901.mp4
76,Free Friend 2 第2,https://www.xrlu.com/storage/video/video/202012060106283131.mp4
77,淫行教4 feat.色情hT先生 1,https://www.xrlu.com/storage/video/video/202012060106293191.mp4
78,我侵犯┡的理由 1,https://www.xrlu.com/storage/video/video/202012060106363251.mp4
79,堂寺士T的淫\ 2,https://www.xrlu.com/storage/video/video/202012060108543551.mp4
80,θ5-The Daybreak- 3,https://www.xrlu.com/storage/video/video/202012060108553611.mp4
81,偶像制操作 2,https://www.xrlu.com/storage/video/video/202012060113183691.mp4
82,Y?受胎u 1,https://www.xrlu.com/storage/video/video/202012060113203781.mp4
83,唔...砺 2,https://www.xrlu.com/storage/video/video/202012060115183931.mp4
84,炎之受孕胸部★色情APPW@ 2,https://www.xrlu.com/storage/video/video/202012060115214021.mp4
85,自宅警T2 第3,https://www.xrlu.com/storage/video/video/202012060038221211.mp4
86,世界後m物Z 1,https://www.xrlu.com/storage/video/video/202012060039181271.mp4
87,牝教4～被玷污的教～ 第5,https://www.xrlu.com/storage/video/video/202012060046461561.mp4
88,直到夏天Y束橹 1,https://www.xrlu.com/storage/video/video/202012060045281501.mp4
89,村又小姐的秘密 1,https://www.xrlu.com/storage/video/video/202012060047081581.mp4
90,装煌}依z菲雅～淫虐的洗X改造～ 1,https://www.xrlu.com/storage/video/video/202012060055452781.mp4
91,裙子e面是野F 12,
92,磔 2,https://www.xrlu.com/storage/video/video/202012060054431941.mp4
93,x姐是不良授乳中 2,https://www.xrlu.com/storage/video/video/202012060055012031.mp4
94,I痴h 2,https://www.xrlu.com/storage/video/video/202012060054452001.mp4
95,屈辱2 第1,https://www.xrlu.com/storage/video/video/202012060055242271.mp4
96,公主Love Life! 4,https://www.xrlu.com/storage/video/video/202012060055282421.mp4
97,向著小小的花蕾的深 2,https://www.xrlu.com/storage/video/video/202012060055342691.mp4
98,x姐是不良授乳中 1,https://www.xrlu.com/storage/video/video/202012060106353221.mp4
99,放家庭教的NTR蟾 2,https://www.xrlu.com/storage/video/video/202012060100342871.mp4
100,用我的手指_y吧。～在打烊後H剩扇说纳除…～ 8,https://www.xrlu.com/storage/video/video/202012060104192991.mp4
101,自宅警T2 第2,https://www.xrlu.com/storage/video/video/202012060113173671.mp4
102,助手⑸希。 2,https://www.xrlu.com/storage/video/video/202012060104213051.mp4
103,炮友青梅竹R 1,https://www.xrlu.com/storage/video/video/202012060124504691.mp4
104,巨乳公主催眠 2,https://www.xrlu.com/storage/video/video/202012060106283161.mp4
105,放家庭教的NTR蟾 1,https://www.xrlu.com/storage/video/video/202012060117194081.mp4
106,人妻、蜜c肉 4,https://www.xrlu.com/storage/video/video/202012060106383371.mp4
107,支配的教 1,https://www.xrlu.com/storage/video/video/202012060106393431.mp4
108,完美大小姐的我才不可能下跪落成受虐狂 4,https://www.xrlu.com/storage/video/video/202012060122344221.mp4
109,第一次的人妻 1,https://www.xrlu.com/storage/video/video/202012060108553581.mp4
110,Overflow 8,https://www.xrlu.com/storage/video/video/202012060113573871.mp4
111,炮友W@ 1,https://www.xrlu.com/storage/video/video/202012060113193751.mp4
112,Tenioha! 2 第2,https://www.xrlu.com/storage/video/video/202012060130475471.mp4
113,磔 1,https://www.xrlu.com/storage/video/video/202012060128484841.mp4
114,向著小小的花蕾的深 1,https://www.xrlu.com/storage/video/video/202012060119254161.mp4
115,助手⑸希。 1,https://www.xrlu.com/storage/video/video/202012060122354241.mp4
116,I痴h 1,https://www.xrlu.com/storage/video/video/202012060122384331.mp4
117,巨乳公主催眠 1,https://www.xrlu.com/storage/video/video/202012060122404421.mp4
118,色情教F 2,https://www.xrlu.com/storage/video/video/202012060122444511.mp4
119,自宅警T2 第1,https://www.xrlu.com/storage/video/video/202012060122464601.mp4
120,淫毛 2,https://www.xrlu.com/storage/video/video/202012060134306101.mp4
121,淫毛 1,https://www.xrlu.com/storage/video/video/202012060124534781.mp4
122,人妻、蜜c肉 3,https://www.xrlu.com/storage/video/video/202012060128504931.mp4
123,完美大小姐的我才不可能下跪落成受虐狂 3,https://www.xrlu.com/storage/video/video/202012060128525021.mp4
124,}女之血-BRAVE- 4,https://www.xrlu.com/storage/video/video/202012060128545111.mp4
125,g迎光R妖魔娼^ 2,https://www.xrlu.com/storage/video/video/202012060128555201.mp4
126,色情教F 1,
127,勐}天使拉普梅莉～盒允芴ァ 1,https://www.xrlu.com/storage/video/video/202012060047101671.mp4
128,H吻肀 2,https://www.xrlu.com/storage/video/video/202012060052171731.mp4
129,灼岬埯z 4,https://www.xrlu.com/storage/video/video/202012060052211821.mp4
130,偷Q女友 2,https://www.xrlu.com/storage/video/video/202012060052211851.mp4
131,梅露z的冒U 2,https://www.xrlu.com/storage/video/video/202012060054441971.mp4
132,梅露z的冒U 1,https://www.xrlu.com/storage/video/video/202012060055022061.mp4
133,g迎光R妖魔娼^ 1,https://www.xrlu.com/storage/video/video/202012060055232241.mp4
134,可厶鹦 2,https://www.xrlu.com/storage/video/video/202012060055252331.mp4
135,小千的_l日 2,https://www.xrlu.com/storage/video/video/202012060055332661.mp4
136,乳^C人 2,https://www.xrlu.com/storage/video/video/202012060108523461.mp4
137,居家的阿奈特小姐,
138,小千的_l日 1,
139,人妻、蜜c肉 2,https://www.xrlu.com/storage/video/video/202012060113213841.mp4
140,公主Love Life! 3,https://www.xrlu.com/storage/video/video/202012060115193961.mp4
141,三射面～Biu辱的{教W@～ 4,https://www.xrlu.com/storage/video/video/202012060115224051.mp4
142,乳^C人 1,https://www.xrlu.com/storage/video/video/202012060131066041.mp4
143,沈睡於腐界的王女 1,https://www.xrlu.com/storage/video/video/202012060141166581.mp4
144,H吻肀 1,https://www.xrlu.com/storage/video/video/202012060122374301.mp4
145,偷Q女友 1,https://www.xrlu.com/storage/video/video/202012060122394391.mp4
146,落RPG}T士露薇莉雅z 4,https://www.xrlu.com/storage/video/video/202012060122434481.mp4
147,女武神的冒U 1,https://www.xrlu.com/storage/video/video/202012060122464571.mp4
148,性鄢砂a 2,https://www.xrlu.com/storage/video/video/202012060122484661.mp4
149,我和女t生的\察日I 1,https://www.xrlu.com/storage/video/video/202012060124524751.mp4
150,露妮的房～蒂娜u上的～ 4,https://www.xrlu.com/storage/video/video/202012060135056491.mp4
151,}女之血-BRAVE- 3,https://www.xrlu.com/storage/video/video/202012060128494901.mp4
152,屈辱 2,https://www.xrlu.com/storage/video/video/202012060128514991.mp4
153,性鄢砂a 1,https://www.xrlu.com/storage/video/video/202012060128535081.mp4
154,同居生活 1,https://www.xrlu.com/storage/video/video/202012060128555171.mp4
155,人妻、蜜c肉 1,https://www.xrlu.com/storage/video/video/202012060128575261.mp4
156,灼岬埯z 3,https://www.xrlu.com/storage/video/video/202012060129005351.mp4
157,我侵犯┡的理由 6,https://www.xrlu.com/storage/video/video/202012060129025411.mp4
158,XL上司 8,https://www.xrlu.com/storage/video/video/202012060133206071.mp4
159,可厶鹦 1,https://www.xrlu.com/storage/video/video/202012060130495531.mp4
160,屈辱 1,https://www.xrlu.com/storage/video/video/202012060130505591.mp4
161,磨蹭女子,https://www.xrlu.com/storage/video/video/202012060130535651.mp4
162,那小^的人妻... 2,https://www.xrlu.com/storage/video/video/202012060130545711.mp4
163,我c老c朋友的 2,https://www.xrlu.com/storage/video/video/202012060130555771.mp4
164,三射面～Biu辱的{教W@～ 3,https://www.xrlu.com/storage/video/video/202012060130575831.mp4
165,落RPG}T士露薇莉雅z 3,https://www.xrlu.com/storage/video/video/202012060130585891.mp4
166,我侵犯┡的理由 5,https://www.xrlu.com/storage/video/video/202012060130595951.mp4
167,女子曲球！ 2,https://www.xrlu.com/storage/video/video/202012060131056011.mp4
168,美好家的建B方法 2,https://www.xrlu.com/storage/video/video/202012060140576551.mp4
169,[中字後a]催眠性指 4,https://www.xrlu.com/storage/video/video/202012060144306731.mp4
170,[中字後a]催眠性指 3,https://www.xrlu.com/storage/video/video/202012060134316131.mp4
171,土下座跪求o看 8,https://www.xrlu.com/storage/video/video/202012060134336161.mp4
172,ETERNITY ～深夜的濡兕l道?～ 8,https://www.xrlu.com/storage/video/video/202012060134376191.mp4
173,御姐→正太←御姐 1,https://www.xrlu.com/storage/video/video/202012060134386221.mp4
174,White Blue ～白衣の後悔～ 1,https://www.xrlu.com/storage/video/video/202012060134396251.mp4
175,Knight of Erin 2,https://www.xrlu.com/storage/video/video/202012060134406281.mp4
176,世界後m物Z 3,https://www.xrlu.com/storage/video/video/202012060134416311.mp4
177,D^女友 2,https://www.xrlu.com/storage/video/video/202012060134416341.mp4
178,o自慰的r候是做鄣r候 1,https://www.xrlu.com/storage/video/video/202012060134426371.mp4
179,成年人不懂如何郏 7,https://www.xrlu.com/storage/video/video/202012060134436401.mp4
180,褐女植Full Moon Night R 2,https://www.xrlu.com/storage/video/video/202012060134446431.mp4
181,被母H的朋友看到了自己自慰的鼍 1,https://www.xrlu.com/storage/video/video/202012060134446461.mp4
182,支配的教 3,https://www.xrlu.com/storage/video/video/202012060152466821.mp4
183,Knight of Erin 1,https://www.xrlu.com/storage/video/video/202012060135066521.mp4
184,I痴h 4,https://www.xrlu.com/storage/video/video/202012060145596791.mp4
185,δ忍\[～被捕@的活人傀儡～ 1,https://www.xrlu.com/storage/video/video/202012060153286851.mp4
186,D室的女朋友 1,https://www.xrlu.com/storage/video/video/202012060141166611.mp4
187,表Y不一的等生c香 1,https://www.xrlu.com/storage/video/video/202012060141176641.mp4
188,色欲INFINITE 2,https://www.xrlu.com/storage/video/video/202012060155126941.mp4
189,王女&amp;amp;女T士W下流露出 2,https://www.xrlu.com/storage/video/video/202012060142106701.mp4
190,思春期SEX 3,https://www.xrlu.com/storage/video/video/202012060153346881.mp4
191,褐女植Full Moon Night R 1,https://www.xrlu.com/storage/video/video/202012060144316761.mp4
192,漆黑的射干 3 DIRECTOR版,https://www.xrlu.com/storage/video/video/202012060211047271.mp4
193,世界後m物Z 2,https://www.xrlu.com/storage/video/video/202012060156466971.mp4
194,劈腿c死 1,https://www.xrlu.com/storage/video/video/202012060203307121.mp4
195,直到夏天Y束橹 2,https://www.xrlu.com/storage/video/video/202012060204257151.mp4
196,村又小姐的秘密 2,https://www.xrlu.com/storage/video/video/202012060153346911.mp4
197,支配的教 2,https://www.xrlu.com/storage/video/video/202012060210567241.mp4
198,牝教4～被玷污的教～ 第6,https://www.xrlu.com/storage/video/video/202012060210407181.mp4
199,彼得・格里的t者rg【第12】,https://www.xrlu.com/storage/video/video/202012060156497001.mp4
200,大神同W想要被吃掉【第3】,https://www.xrlu.com/storage/video/video/202012060201227031.mp4
201,巨人族的新娘【第9】,https://www.xrlu.com/storage/video/video/202012060201267061.mp4
202,c魅魔的同居生活 1,https://www.xrlu.com/storage/video/video/202012060201277091.mp4
203,自宅警T2 第4,https://www.xrlu.com/storage/video/video/202012060213347361.mp4
204,色欲INFINITE 1,https://www.xrlu.com/storage/video/video/202012060216377391.mp4
205,屈辱2 第2,https://www.xrlu.com/storage/video/video/202012060213017331.mp4
206,王女&amp;amp;女T士W下流露出 1,https://www.xrlu.com/storage/video/video/202012060210417211.mp4
207,她被他肀У哪且惶 1,https://www.xrlu.com/storage/video/video/202012060222107451.mp4
208,I痴h 3,https://www.xrlu.com/storage/video/video/202012060218147421.mp4
209,第一次的人妻 2,https://www.xrlu.com/storage/video/video/202012060211057301.mp4
210,琥珀色的HUNTER 1,https://www.xrlu.com/storage/video/video/202012060225327481.mp4
211,灼岬埯z 2,https://www.xrlu.com/storage/video/video/202012060055262361.mp4
212,自宅警T (2019) 第4,https://www.xrlu.com/storage/video/video/202012060055292481.mp4
213,漆黑的射干 3,https://www.xrlu.com/storage/video/video/202012060055312571.mp4
214,m姐妹的NTRo 2,https://www.xrlu.com/storage/video/video/202012060055382721.mp4
215,魔公主的性感}姿 4,https://www.xrlu.com/storage/video/video/202012060102242961.mp4
216,奴`的水滴 2,https://www.xrlu.com/storage/video/video/202012060106363281.mp4
217,美好家的建B方法 1,https://www.xrlu.com/storage/video/video/202012060106373311.mp4
218,女子曲球！ 1,https://www.xrlu.com/storage/video/video/202012060106373341.mp4
219,Masterpiece 2,https://www.xrlu.com/storage/video/video/202012060106383401.mp4
220,我c老c朋友的 1,https://www.xrlu.com/storage/video/video/202012060108533521.mp4
221,公主Love Life! 2,https://www.xrlu.com/storage/video/video/202012060108563641.mp4
222,於是我就被叔叔o...... 2,https://www.xrlu.com/storage/video/video/202012060113183721.mp4
223,落RPG}T士露薇莉雅z 2,https://www.xrlu.com/storage/video/video/202012060113203811.mp4
224,闹讣鞒龅恼J真崆-青梅竹R是消防T- 8,https://www.xrlu.com/storage/video/video/202012060119244131.mp4
225,想被色獾拇蠼憬阏デ 2,https://www.xrlu.com/storage/video/video/202012060115203991.mp4
226,於是我就被叔叔o...... 1,https://www.xrlu.com/storage/video/video/202012060117194101.mp4
227,落RPG}T士露薇莉雅z 1,https://www.xrlu.com/storage/video/video/202012060119264191.mp4
228,自宅警T (2019) 第3,https://www.xrlu.com/storage/video/video/202012060122364271.mp4
229,想被色獾拇蠼憬阏デ 1,https://www.xrlu.com/storage/video/video/202012060122384361.mp4
230,槭颤N老在@e!? 13,https://www.xrlu.com/storage/video/video/202012060122434451.mp4
231,Tenioha! 2 第1,https://www.xrlu.com/storage/video/video/202012060122454541.mp4
232,碧池W@不可能有清妹!!? 2,https://www.xrlu.com/storage/video/video/202012060122474631.mp4
233,魔公主的性感}姿 3,https://www.xrlu.com/storage/video/video/202012060124514721.mp4
234,灼岬埯z 1,https://www.xrlu.com/storage/video/video/202012060124534811.mp4
235,自宅警T (2019) 第2,https://www.xrlu.com/storage/video/video/202012060128494871.mp4
236,m姐妹的NTRo 1,https://www.xrlu.com/storage/video/video/202012060128514961.mp4
237,思春期SEX 1,https://www.xrlu.com/storage/video/video/202012060128525051.mp4
238,眼R女神 2,https://www.xrlu.com/storage/video/video/202012060128545141.mp4
239,Masterpiece 1,https://www.xrlu.com/storage/video/video/202012060128565231.mp4
240,眼R女神 1,https://www.xrlu.com/storage/video/video/202012060128595321.mp4
241,妻子美的理由 2,https://www.xrlu.com/storage/video/video/202012060129015381.mp4
242,公主Love Life! 1,https://www.xrlu.com/storage/video/video/202012060129035441.mp4
243,三射面～Biu辱的{教W@～ 2,https://www.xrlu.com/storage/video/video/202012060130485501.mp4
244,自宅警T (2019) 第1,https://www.xrlu.com/storage/video/video/202012060130505561.mp4
245,洗屋先生！～我和那砘镌谂浴池！？ 8,https://www.xrlu.com/storage/video/video/202012060130525621.mp4
246,g迎淼诫r菊女迷失俱凡 2,https://www.xrlu.com/storage/video/video/202012060130535681.mp4
247,溆描匙 1,https://www.xrlu.com/storage/video/video/202012060130555741.mp4
248,那小^的人妻... 1,https://www.xrlu.com/storage/video/video/202012060130565801.mp4
249,猥便利店店L 2,https://www.xrlu.com/storage/video/video/202012060130575861.mp4
250,W@痴女姐姐Maxheart 4,https://www.xrlu.com/storage/video/video/202012060130595921.mp4
251,因此人妻就被NTR了 2,https://www.xrlu.com/storage/video/video/202012060131005981.mp4
252,思君之 2,https://www.xrlu.com/storage/video/video/202012060142096671.mp4
253,抖S娜L大人被抖MP支配了 2,https://www.xrlu.com/storage/video/video/202012060228127601.mp4
254,催眠☆W@ 1,https://www.xrlu.com/storage/video/video/202012060229067631.mp4
255,嫁到l下的俄_斯女孩高潮迭起@件事 4,https://www.xrlu.com/storage/video/video/202012060227317511.mp4
256,妻NTR?凌辱 1,https://www.xrlu.com/storage/video/video/202012060237447721.mp4
257,一求乳魂 3,https://www.xrlu.com/storage/video/video/202012060239137751.mp4
258,援交JK碧池辣妹c大叔的o套性生活 2,https://www.xrlu.com/storage/video/video/202012060235517691.mp4
259,g迎淼剑±耸妖精之林 2,https://www.xrlu.com/storage/video/video/202012060227337541.mp4
260,水推舟→援交女孩!! 1,https://www.xrlu.com/storage/video/video/202012060227357571.mp4
261,Free Friend 2 第1,https://www.xrlu.com/storage/video/video/202012060243207871.mp4
262,嫁到l下的俄_斯女孩高潮迭起@件事 3,https://www.xrlu.com/storage/video/video/202012060239587811.mp4
263,炎～勺景～Another 4,https://www.xrlu.com/storage/video/video/202012060229077661.mp4
264,援交JK碧池辣妹c大叔的o套性生活 1,https://www.xrlu.com/storage/video/video/202012060239197781.mp4
265,唔...砺 1,https://www.xrlu.com/storage/video/video/202012060249327901.mp4
266,炎～勺景～Another 3,https://www.xrlu.com/storage/video/video/202012060249567961.mp4
267,真工口[颍 1,https://www.xrlu.com/storage/video/video/202012060257588051.mp4
268,巨乳大家族催眠 2,https://www.xrlu.com/storage/video/video/202012060249537931.mp4
269,抖S娜L大人被抖MP支配了 1,https://www.xrlu.com/storage/video/video/202012060239597841.mp4
270,D生ε的造人Y技 4,https://www.xrlu.com/storage/video/video/202012060253567991.mp4
271,Residence 3,https://www.xrlu.com/storage/video/video/202012060254498021.mp4
272,Jewelry THE ANIMATION,https://www.xrlu.com/storage/video/video/202012060300468081.mp4
273,嫁到l下的俄_斯女孩高潮迭起@件事 2,https://www.xrlu.com/storage/video/video/202012060300558111.mp4
274,JK和猥便利店店L 6,https://www.xrlu.com/storage/video/video/202012060307028171.mp4
275,g迎淼剑∷搅y交W@ 4,https://www.xrlu.com/storage/video/video/202012060309528201.mp4
276,八尺八快份～形怪奇T～ 2 特典,https://www.xrlu.com/storage/video/video/202012060305568141.mp4
277,性奴理 1,https://www.xrlu.com/storage/video/video/202012060316498291.mp4
278,八尺八快份～形怪奇T～ 2,https://www.xrlu.com/storage/video/video/202012060310268231.mp4
279,Q伲「X之花和青梅竹R做出Q定的理由 2,https://www.xrlu.com/storage/video/video/202012060311018261.mp4
280,一求乳魂 2,https://www.xrlu.com/storage/video/video/202012060321078381.mp4
281,人妻生活 曾的辣妹 2,https://www.xrlu.com/storage/video/video/202012060318188321.mp4
282,巨乳大家族催眠 1,https://www.xrlu.com/storage/video/video/202012060320398351.mp4
283,青春的情畚W 1,https://www.xrlu.com/storage/video/video/202012060321368411.mp4
284,爆乳姐姐把弟弟榨乾喔！ 2,https://www.xrlu.com/storage/video/video/202012060331308531.mp4
285,嫁到l下的俄_斯女孩高潮迭起@件事 1,https://www.xrlu.com/storage/video/video/202012060328478441.mp4
286,炎～勺景～Another 2,https://www.xrlu.com/storage/video/video/202012060329078471.mp4
287,想被碧池妹妹榨乾 2,https://www.xrlu.com/storage/video/video/202012060331098501.mp4
288,炎～勺景～Another 1,https://www.xrlu.com/storage/video/video/202012060332418551.mp4
289,崆榈穴 1,https://www.xrlu.com/storage/video/video/202012060339028581.mp4
290,W@侵| ×× of the Dead 2,https://www.xrlu.com/storage/video/video/202012060347068671.mp4
291,堂寺士T的淫\ 1,https://www.xrlu.com/storage/video/video/202012060348248701.mp4
292,一求乳魂 1,https://www.xrlu.com/storage/video/video/202012060348378731.mp4
293,想被碧池妹妹榨乾 1,https://www.xrlu.com/storage/video/video/202012060342258611.mp4
294,c魅魔小姐的_曼史 1,https://www.xrlu.com/storage/video/video/202012060343158641.mp4
295,`魂INSERT 2,https://www.xrlu.com/storage/video/video/202012060352158761.mp4
296,Q伲「X之花和青梅竹R做出Q定的理由 1,https://www.xrlu.com/storage/video/video/202012060352478791.mp4
297,JK和猥便利店店L 5,https://www.xrlu.com/storage/video/video/202012060401028881.mp4
298,自宅警T 4,https://www.xrlu.com/storage/video/video/202012060358208821.mp4
299,熟女志～KINBAKU～,https://www.xrlu.com/storage/video/video/202012060403398911.mp4
300,g迎光R！水敬@ 2,https://www.xrlu.com/storage/video/video/202012060359288851.mp4
301,少女I域 1,https://www.xrlu.com/storage/video/video/202012060410219001.mp4
302,在中意的道缺M情中出都OK的度假u 1,https://www.xrlu.com/storage/video/video/202012060407138941.mp4
303,俘之i～女淫x的束`～ 2,https://www.xrlu.com/storage/video/video/202012060409378971.mp4
304,Residence 2,https://www.xrlu.com/storage/video/video/202012060411109031.mp4
305,人妻生活 曾的辣妹 1,https://www.xrlu.com/storage/video/video/202012060413189091.mp4
306,只凫段业淖B女友 2,https://www.xrlu.com/storage/video/video/202012060415009121.mp4
307,精神不定i理的o止M求 2,https://www.xrlu.com/storage/video/video/202012060419439151.mp4
308,g迎淼剑∷搅y交W@ 3,https://www.xrlu.com/storage/video/video/202012060425349291.mp4
309,g迎光R！水敬@ 1,https://www.xrlu.com/storage/video/video/202012060421439181.mp4
310,心映椴澹Revolution～天使c耗У恼ゾ大稹 4,https://www.xrlu.com/storage/video/video/202012060411119061.mp4
311,你是凫段业 -抖S女友和抖M男友- 2,https://www.xrlu.com/storage/video/video/202012060423329211.mp4
312,只凫段业淖B女友 1,https://www.xrlu.com/storage/video/video/202012060424549241.mp4
313,自宅警T 3,https://www.xrlu.com/storage/video/video/202012060426229321.mp4
314,牝教4～被玷污的教～ 第4,https://www.xrlu.com/storage/video/video/202012060434059381.mp4
315,被黑暗洗Y的天使 1,https://www.xrlu.com/storage/video/video/202012060438589501.mp4
316,m然是笨蛋但是特e擅L舔肉棒的小千 2,https://www.xrlu.com/storage/video/video/202012060434519411.mp4
317,心映椴澹Revolution～天使c耗У恼ゾ大稹 3,https://www.xrlu.com/storage/video/video/202012060425009261.mp4
318,迷途之家的姐姐,https://www.xrlu.com/storage/video/video/202012060431019351.mp4
319,SWAMP STAMP 1,https://www.xrlu.com/storage/video/video/202012060436209441.mp4
320,俘之i～女淫x的束`～ 1,https://www.xrlu.com/storage/video/video/202012060438469471.mp4
321,`魂INSERT 1,https://www.xrlu.com/storage/video/video/202012060440599531.mp4
322,精神不定i理的o止M求 1,https://www.xrlu.com/storage/video/video/202012060444349581.mp4
323,Love 2 Quad 3,https://www.xrlu.com/storage/video/video/202012060448179641.mp4
324,m然是笨蛋但是特e擅L舔肉棒的小千 1,https://www.xrlu.com/storage/video/video/202012060447269611.mp4
325,妻中3 第2,https://www.xrlu.com/storage/video/video/202012060450089701.mp4
326,一直都好喜g你 2,https://www.xrlu.com/storage/video/video/202012060452159761.mp4
327,c僧H交合的色j之夜 12,
328,魔FQ化少女UTEA 4,https://www.xrlu.com/storage/video/video/202012060451479731.mp4
329,妻子在厝成社F夥伴的肉便器 1,https://www.xrlu.com/storage/video/video/202012060500259821.mp4
330,性凵┥系男W旅行!!,https://www.xrlu.com/storage/video/video/202012060503419881.mp4
331,自宅警T 2,https://www.xrlu.com/storage/video/video/202012060448189671.mp4
332,D生ε的造人Y技 1,https://www.xrlu.com/storage/video/video/202012060459529791.mp4
333,冥刻W@ 受胎 2,https://www.xrlu.com/storage/video/video/202012060500489851.mp4
334,Residence 1,https://www.xrlu.com/storage/video/video/202012060505269941.mp4
335,第二次 Y入W 1,https://www.xrlu.com/storage/video/video/202012060504319911.mp4
336,心映椴澹Revolution～天使c耗У恼ゾ大稹 2,https://www.xrlu.com/storage/video/video/2020120605114010001.mp4
337,鬼父 Refresh 4,https://www.xrlu.com/storage/video/video/2020120605135310031.mp4
338,冥刻W@ 受胎 1,https://www.xrlu.com/storage/video/video/202012060511219971.mp4
339,W@侵| ×× of the Dead 1,https://www.xrlu.com/storage/video/video/2020120605243310181.mp4
340,清而J真的她、被T_M了最毫拥纳情F伙...？ 1,https://www.xrlu.com/storage/video/video/2020120605213410121.mp4
341,你是凫段业 -抖S女友和抖M男友- 1,https://www.xrlu.com/storage/video/video/2020120605170610091.mp4
342,一直都好喜g你 1,https://www.xrlu.com/storage/video/video/2020120605252310211.mp4
343,落令媛 1,https://www.xrlu.com/storage/video/video/2020120605225410151.mp4
344,自宅警T 1,https://www.xrlu.com/storage/video/video/2020120605135410061.mp4
345,色情研究～P於做鄣ABC～,https://www.xrlu.com/storage/video/video/2020120605314510271.mp4
346,JK和猥便利店店L 4,https://www.xrlu.com/storage/video/video/2020120605314210241.mp4
347,巨乳令媛MCW@ 2,https://www.xrlu.com/storage/video/video/2020120605324010301.mp4
348,魔FQ化少女UTEA 3,https://www.xrlu.com/storage/video/video/2020120605332410361.mp4
349,心映椴澹Revolution～天使c耗У恼ゾ大稹 1,https://www.xrlu.com/storage/video/video/2020120605355610391.mp4
350,g迎淼剑∷搅y交W@ 2,https://www.xrlu.com/storage/video/video/2020120605384010421.mp4
351,PINKERTON 3,https://www.xrlu.com/storage/video/video/2020120605463710481.mp4
352,δ忍\[3 第2,https://www.xrlu.com/storage/video/video/2020120605451210451.mp4
353,偶像制操作 1,https://www.xrlu.com/storage/video/video/2020120605324010331.mp4
354,巨乳令媛MCW@ 1,https://www.xrlu.com/storage/video/video/2020120605465410511.mp4
355,漆黑的射干 1,https://www.xrlu.com/storage/video/video/2020120605514810601.mp4
356,催眠教室 2,https://www.xrlu.com/storage/video/video/2020120605485110541.mp4
357,G瞳 -碜越憬愕年P-,https://www.xrlu.com/storage/video/video/2020120605490110571.mp4
358,新生 扶他偶像懦大！ 2,https://www.xrlu.com/storage/video/video/2020120606051110781.mp4
359,育×彼女 4,https://www.xrlu.com/storage/video/video/2020120605574810631.mp4
360,牝教4～被玷污的教～ 第3,https://www.xrlu.com/storage/video/video/2020120605590410661.mp4
361,我的激情性 2,https://www.xrlu.com/storage/video/video/2020120606020910721.mp4
362,都市髡f系列 4,https://www.xrlu.com/storage/video/video/2020120606005210691.mp4
363,文铩Delivery 1,https://www.xrlu.com/storage/video/video/2020120606042010751.mp4
364,被探索的落少女,https://www.xrlu.com/storage/video/video/2020120606091810841.mp4
365,甜蜜女友 4,https://www.xrlu.com/storage/video/video/2020120606082110811.mp4
366,鬼父 Refresh 3,https://www.xrlu.com/storage/video/video/2020120606134710871.mp4
367,妹妹和她朋友太淫我的下w很不妙 2,https://www.xrlu.com/storage/video/video/2020120606221110991.mp4
368,δ忍\[3 第1,https://www.xrlu.com/storage/video/video/2020120606184410931.mp4
369,催眠教室 1,https://www.xrlu.com/storage/video/video/2020120606165910901.mp4
370,深陷口交的嘴唇 2,https://www.xrlu.com/storage/video/video/2020120606193010961.mp4
371,工作一族的酃适,https://www.xrlu.com/storage/video/video/2020120606270711021.mp4
372,魔⒌募榔3 第2,https://www.xrlu.com/storage/video/video/2020120606312211171.mp4
373,慕褚葬嵛...... 2,https://www.xrlu.com/storage/video/video/2020120606294911051.mp4
374,少女的抖S茶道主x 2,https://www.xrlu.com/storage/video/video/2020120606295611111.mp4
375,JK和猥便利店店L 3,https://www.xrlu.com/storage/video/video/2020120606303811141.mp4
376,我的激情性 1,https://www.xrlu.com/storage/video/video/2020120606371311201.mp4
377,你的魔名是娜?魔女,https://www.xrlu.com/storage/video/video/2020120606462111441.mp4
378,PRETTY×CATION 2 第1,https://www.xrlu.com/storage/video/video/2020120606295011081.mp4
379,八尺八快份～形怪奇T～ 1,https://www.xrlu.com/storage/video/video/2020120606401711261.mp4
380,育×彼女 3,https://www.xrlu.com/storage/video/video/2020120606422311381.mp4
381,甜蜜女友 3,https://www.xrlu.com/storage/video/video/2020120606404411291.mp4
382,VW姐x校服外套,https://www.xrlu.com/storage/video/video/2020120606414911351.mp4
383,妹妹和她朋友太淫我的下w很不妙 1,https://www.xrlu.com/storage/video/video/2020120606371311231.mp4
384,g迎淼剑∷搅y交W@ 1,https://www.xrlu.com/storage/video/video/2020120606485211471.mp4
385,深陷口交的嘴唇 1,https://www.xrlu.com/storage/video/video/2020120606512811501.mp4
386,PINKERTON 2,https://www.xrlu.com/storage/video/video/2020120606404411321.mp4
387,p牡男模毫沙 2,https://www.xrlu.com/storage/video/video/2020120606524211561.mp4
388,JK和猥便利店店L 2,https://www.xrlu.com/storage/video/video/2020120606522911531.mp4
389,妻中3 第1,https://www.xrlu.com/storage/video/video/2020120606422411411.mp4
390,慕褚葬嵛...... 1,https://www.xrlu.com/storage/video/video/2020120606550411591.mp4
391,育×彼女 2,https://www.xrlu.com/storage/video/video/2020120606555611621.mp4
392,想被JK碧池榨乾 2,https://www.xrlu.com/storage/video/video/2020120606585911651.mp4
393,少女的抖S茶道主x 1,https://www.xrlu.com/storage/video/video/2020120607022511681.mp4
394,放n後Initiation 2,https://www.xrlu.com/storage/video/video/2020120607070111711.mp4
395,真?秘巡[ 2,https://www.xrlu.com/storage/video/video/2020120607140511831.mp4
396,医簧倥 1,https://www.xrlu.com/storage/video/video/2020120607145411891.mp4
397,育×彼女 1,https://www.xrlu.com/storage/video/video/2020120607071411741.mp4
398,想被JK碧池榨乾 1,https://www.xrlu.com/storage/video/video/2020120607093511771.mp4
399,Misuzu -不可以的事情-,https://www.xrlu.com/storage/video/video/2020120607115211801.mp4
400,P於唯一能笨蛋妹妹明的方法只有我的××的事件 4,https://www.xrlu.com/storage/video/video/2020120607184711921.mp4
401,黑暗教室 2,https://www.xrlu.com/storage/video/video/2020120607290612071.mp4
402,我的生姐姐 2 [アニメEND],https://www.xrlu.com/storage/video/video/2020120607281912041.mp4
403,我的生姐姐 2 [原作END],https://www.xrlu.com/storage/video/video/2020120607204311951.mp4
404,PINKERTON 1,https://www.xrlu.com/storage/video/video/2020120607140611861.mp4
405,Love 2 Quad 2,https://www.xrlu.com/storage/video/video/2020120607270712011.mp4
406,P於唯一能笨蛋妹妹明的方法只有我的××的事件 3,https://www.xrlu.com/storage/video/video/2020120607254411981.mp4
407,魔⒌募榔3 第1,https://www.xrlu.com/storage/video/video/2020120607364012101.mp4
408,m斯01 ふ倚」 第4,https://www.xrlu.com/storage/video/video/2020120607412212221.mp4
409,放n後Initiation 1,https://www.xrlu.com/storage/video/video/2020120607395012161.mp4
410,u辱的制服 2,https://www.xrlu.com/storage/video/video/2020120607373112131.mp4
411,ENERGY杏佳 2,https://www.xrlu.com/storage/video/video/2020120607412612251.mp4
412,P於唯一能笨蛋妹妹明的方法只有我的××的事件 2,https://www.xrlu.com/storage/video/video/2020120607405012191.mp4
413,冰堂伊吹?完美伊吹L是拘束抖M的理由? 2,https://www.xrlu.com/storage/video/video/2020120607575912431.mp4
414,裸w主x沙┥系男W旅行 1,https://www.xrlu.com/storage/video/video/2020120607530612371.mp4
415,我的快芬来嬷 2,https://www.xrlu.com/storage/video/video/2020120607530312341.mp4
416,u辱的制服 1,https://www.xrlu.com/storage/video/video/2020120607511212281.mp4
417,僦 -小田舍的初x中出性福生活-,https://www.xrlu.com/storage/video/video/2020120608002112461.mp4
418,P於唯一能笨蛋妹妹明的方法只有我的××的事件 1,https://www.xrlu.com/storage/video/video/2020120607522212311.mp4
419,鬼父 Vacation,https://www.xrlu.com/storage/video/video/2020120608115912611.mp4
420,棉花糖☆妹妹☆魅魔☆ 2,https://www.xrlu.com/storage/video/video/2020120608030812491.mp4
421,ENERGY杏佳 1,https://www.xrlu.com/storage/video/video/2020120608064812521.mp4
422,SECRET JOURNEY 2,https://www.xrlu.com/storage/video/video/2020120607530712401.mp4
423,PRETTY×CATION 1,https://www.xrlu.com/storage/video/video/2020120608103612551.mp4
424,工口[颍H和[蚨家_l 6,https://www.xrlu.com/storage/video/video/2020120608174612671.mp4
425,Drop Out 2,https://www.xrlu.com/storage/video/video/2020120608110112581.mp4
426,牝教4～被玷污的教～ 第2,https://www.xrlu.com/storage/video/video/2020120608144812641.mp4
427,姐嫁四重奏 2,https://www.xrlu.com/storage/video/video/2020120608260612851.mp4
428,棉花糖☆妹妹☆魅魔☆ 1,https://www.xrlu.com/storage/video/video/2020120608211012701.mp4
429,纳倥成娼女... 2,https://www.xrlu.com/storage/video/video/2020120608224512791.mp4
430,不能h的秘密 2,https://www.xrlu.com/storage/video/video/2020120608220912731.mp4
431,甜蜜女友 2,https://www.xrlu.com/storage/video/video/2020120608242712821.mp4
432,JK和猥便利店店L 1,https://www.xrlu.com/storage/video/video/2020120608294812881.mp4
433,我的快芬来嬷 1,https://www.xrlu.com/storage/video/video/2020120608345212911.mp4
434,新生 扶他偶像懦大！ 1,https://www.xrlu.com/storage/video/video/2020120608221012761.mp4
435,小耗女友 2,https://www.xrlu.com/storage/video/video/2020120608403613001.mp4
436,Euphoria 6,https://www.xrlu.com/storage/video/video/2020120608424013091.mp4
437,Drop Out 1,https://www.xrlu.com/storage/video/video/2020120608370612971.mp4
438,巨乳人妻女教催眠 2,https://www.xrlu.com/storage/video/video/2020120608363912941.mp4
439,纳倥成娼女... 1,https://www.xrlu.com/storage/video/video/2020120608420613031.mp4
440,甜蜜女友 1,https://www.xrlu.com/storage/video/video/2020120608444413121.mp4
441,m斯01 ふ倚」 第3,https://www.xrlu.com/storage/video/video/2020120608564513241.mp4
442,色情漫！色情和漫都更M一步 2,https://www.xrlu.com/storage/video/video/2020120608571113271.mp4
443,被狙舻呐神天使安蒂 4,https://www.xrlu.com/storage/video/video/2020120608525913151.mp4
444,SECRET JOURNEY 1,https://www.xrlu.com/storage/video/video/2020120608420713061.mp4
445,δ忍雪L 3,https://www.xrlu.com/storage/video/video/2020120608572413301.mp4
446,巨乳人妻女教催眠 1,https://www.xrlu.com/storage/video/video/2020120608532613181.mp4
447,Y技龅鸺Аanother story～ 2,https://www.xrlu.com/storage/video/video/2020120608553013211.mp4
448,魔FQ化少女UTEA 2,https://www.xrlu.com/storage/video/video/2020120609040713331.mp4
449,p牡男模毫沙 1,https://www.xrlu.com/storage/video/video/2020120609050413361.mp4
450,和她做圩龅氖 2,https://www.xrlu.com/storage/video/video/2020120609082913391.mp4
451,傲晒主,https://www.xrlu.com/storage/video/video/2020120609151513451.mp4
452,δ忍雪L 2,https://www.xrlu.com/storage/video/video/2020120609125213421.mp4
453,神曲的魔法 2,https://www.xrlu.com/storage/video/video/2020120609152513481.mp4
454,鬼父 Refresh 2,https://www.xrlu.com/storage/video/video/2020120609163713511.mp4
455,Creamy Pie 2,https://www.xrlu.com/storage/video/video/2020120609194413571.mp4
456,魔FQ化少女UTEA 1,https://www.xrlu.com/storage/video/video/2020120609194713601.mp4
457,色情漫！色情和漫都更M一步 1,https://www.xrlu.com/storage/video/video/2020120609325413721.mp4
458,女p牡男,https://www.xrlu.com/storage/video/video/2020120609270513631.mp4
459,γ乃中毒 2,https://www.xrlu.com/storage/video/video/2020120609293513691.mp4
460,Y技龅鸺Аanother story～ 1,https://www.xrlu.com/storage/video/video/2020120609163913541.mp4
461,螺旋i行的黑暗世界 2,https://www.xrlu.com/storage/video/video/2020120609363613781.mp4
462,太太是前不良少女 2,https://www.xrlu.com/storage/video/video/2020120609352513751.mp4
463,Euphoria 5,https://www.xrlu.com/storage/video/video/2020120609394613811.mp4
464,c禽F (家人) 同住的家 2,https://www.xrlu.com/storage/video/video/2020120609270613661.mp4
465,我成榕`後被搞到爽 2,https://www.xrlu.com/storage/video/video/2020120609410413871.mp4
466,牝教4～被玷污的教～ 第1,https://www.xrlu.com/storage/video/video/2020120609405713841.mp4
467,δ忍\[2,https://www.xrlu.com/storage/video/video/2020120610021514111.mp4
468,武想少女BLADE☆BRIDERS 1,https://www.xrlu.com/storage/video/video/2020120609531313961.mp4
469,γ乃中毒 1,https://www.xrlu.com/storage/video/video/2020120609494413901.mp4
470,Creamy Pie 1,https://www.xrlu.com/storage/video/video/2020120609550214051.mp4
471,和她做圩龅氖 1,https://www.xrlu.com/storage/video/video/2020120609540613991.mp4
472,被狙舻呐神天使安蒂 3,https://www.xrlu.com/storage/video/video/2020120609525713931.mp4
473,欲NTR 2,https://www.xrlu.com/storage/video/video/2020120610013714081.mp4
474,深t少女～痴h支配～ 3,https://www.xrlu.com/storage/video/video/2020120610035914141.mp4
475,我成榕`後被搞到爽 1,https://www.xrlu.com/storage/video/video/2020120610070314171.mp4
476,兄L的老婆早就被我操得淫叫不嗔肃 1,https://www.xrlu.com/storage/video/video/2020120609540614021.mp4
477,逆D魔女裁判 ～要被痴女魔女判了～,https://www.xrlu.com/storage/video/video/2020120610110014231.mp4
478,漫咖啡d的W遇危C 4,https://www.xrlu.com/storage/video/video/2020120610144314341.mp4
479,鬼父 Refresh 1,https://www.xrlu.com/storage/video/video/2020120610131714261.mp4
480,蜜桃色牛奶 2,https://www.xrlu.com/storage/video/video/2020120610170714381.mp4
481,女W和巨乳魂 2,https://www.xrlu.com/storage/video/video/2020120610144314321.mp4
482,漫咖啡d的W遇危C 3,https://www.xrlu.com/storage/video/video/2020120610070414201.mp4
483,冰堂伊吹?完美伊吹L是拘束抖M的理由? 1,https://www.xrlu.com/storage/video/video/2020120610265814501.mp4
484,欲NTR 1,https://www.xrlu.com/storage/video/video/2020120610225914441.mp4
485,深t少女～痴h支配～ 2,https://www.xrlu.com/storage/video/video/2020120610131814291.mp4
486,LOVELY×CATION 2,https://www.xrlu.com/storage/video/video/2020120610313714561.mp4
487,被玩牧说栏窀呃淅 2,https://www.xrlu.com/storage/video/video/2020120610254214471.mp4
488,劭 ～Pure Love Maniac～ 2,https://www.xrlu.com/storage/video/video/2020120610283214531.mp4
489,女W和巨乳魂 1,https://www.xrlu.com/storage/video/video/2020120610170914411.mp4
490,女友戴上耳之後,https://www.xrlu.com/storage/video/video/2020120610334314591.mp4
491,被玩牧说栏窀呃淅 1,https://www.xrlu.com/storage/video/video/2020120610352514651.mp4
492,麻蔚幕颊呤侨怏w酉 2,https://www.xrlu.com/storage/video/video/2020120610424214681.mp4
493,黑暗教室 1,https://www.xrlu.com/storage/video/video/2020120610470014891.mp4
494,W@中和rg 1,https://www.xrlu.com/storage/video/video/2020120610445514771.mp4
495,蜜桃色牛奶 1,https://www.xrlu.com/storage/video/video/2020120610442614741.mp4
496,慢抽插,https://www.xrlu.com/storage/video/video/2020120610334414621.mp4
497,麻蔚幕颊呤侨怏w酉 1,https://www.xrlu.com/storage/video/video/2020120610504314921.mp4
498,我的！催眠女友 ～奴`洗X的中出生活～ 2,https://www.xrlu.com/storage/video/video/2020120610454514801.mp4
499,漫咖啡d的W遇危C 2,https://www.xrlu.com/storage/video/video/2020120610424314711.mp4
500,女子高生的腰姿 6,https://www.xrlu.com/storage/video/video/2020120610544214951.mp4
501,炎之受孕乳偶像妹★星W@Z,https://www.xrlu.com/storage/video/video/2020120611025915011.mp4
502,I☆can 3,https://www.xrlu.com/storage/video/video/2020120611045415071.mp4
503,c禽F (家人) 同住的家 1,https://www.xrlu.com/storage/video/video/2020120610454814831.mp4
504,S多利女W 的奉仕,https://www.xrlu.com/storage/video/video/2020120610454914861.mp4
505,雅fL,https://www.xrlu.com/storage/video/video/2020120611030715041.mp4
506,劭 ～Pure Love Maniac～ 1,https://www.xrlu.com/storage/video/video/2020120611005814981.mp4
507,分胤 1,https://www.xrlu.com/storage/video/video/2020120611055115131.mp4
508,}黑木耳姐姐的啪啪啪日 2,https://www.xrlu.com/storage/video/video/2020120611122115161.mp4
509,LOVELY×CATION 1,https://www.xrlu.com/storage/video/video/2020120611201215311.mp4
510,DEMONION～外鳌 2,https://www.xrlu.com/storage/video/video/2020120611163315221.mp4
511,抽！三角 p~ After,https://www.xrlu.com/storage/video/video/2020120611224815401.mp4
512,漫咖啡d的W遇危C 1,https://www.xrlu.com/storage/video/video/2020120611045515101.mp4
513,工口豆豆 2,https://www.xrlu.com/storage/video/video/2020120611180715251.mp4
514,夜u言衅呷吮 2,https://www.xrlu.com/storage/video/video/2020120611161615191.mp4
515,她跟l都可以做 2,https://www.xrlu.com/storage/video/video/2020120611225715431.mp4
516,不能h的秘密 1,https://www.xrlu.com/storage/video/video/2020120611265515461.mp4
517,我的生姐姐 2,https://www.xrlu.com/storage/video/video/2020120611310015641.mp4
518,^ ～官能奇T～ 2,https://www.xrlu.com/storage/video/video/2020120611382216121.mp4
519,新娘小姐HONEYDAYS 2,https://www.xrlu.com/storage/video/video/2020120611180815281.mp4
520,我的生姐姐 1,https://www.xrlu.com/storage/video/video/2020120611320315791.mp4
521,她跟l都可以做 1,https://www.xrlu.com/storage/video/video/2020120611291115521.mp4
522,我的！催眠女友 ～奴`洗X的中出生活～ 1,https://www.xrlu.com/storage/video/video/2020120611285315491.mp4
523,小穴深的美妙秘部 2,https://www.xrlu.com/storage/video/video/2020120611324815881.mp4
524,被i一般的山\抓捕Z走女的巨乳公主T士&amp;amp;女鹗,https://www.xrlu.com/storage/video/video/2020120611364616061.mp4
525,鬼父2 Harvest,https://www.xrlu.com/storage/video/video/2020120611403616301.mp4
526,女子高生的腰姿 5,https://www.xrlu.com/storage/video/video/2020120611313215701.mp4
527,受胎u 2,https://www.xrlu.com/storage/video/video/2020120611302815581.mp4
528,不可以的事情 1,https://www.xrlu.com/storage/video/video/2020120611304315611.mp4
529,疏忽大意 1,https://www.xrlu.com/storage/video/video/2020120611315915731.mp4
530,鬼父 Rebuild 3,https://www.xrlu.com/storage/video/video/2020120611400816181.mp4
531,小穴深的美妙秘部 1,https://www.xrlu.com/storage/video/video/2020120611355115971.mp4
532,}布希特W@ 少女T士Fc白的妊,https://www.xrlu.com/storage/video/video/2020120611204315371.mp4
533,鬼畜 ～母姐妹{教日～ 3,https://www.xrlu.com/storage/video/video/2020120611201315341.mp4
534,新娘小姐HONEYDAYS 1,https://www.xrlu.com/storage/video/video/2020120611370716091.mp4
535,Love Colon 2,https://www.xrlu.com/storage/video/video/2020120611350315941.mp4
536,肉牝R30 ～落於肉欲的雌性～,https://www.xrlu.com/storage/video/video/2020120611394316151.mp4
537,男孩?遇上?後m,https://www.xrlu.com/storage/video/video/2020120611404616391.mp4
538,F的魔女安妮洛 3,https://www.xrlu.com/storage/video/video/2020120611364416001.mp4
539,W派W@行奏部！ ～l情z像活尤沼～ 1,https://www.xrlu.com/storage/video/video/2020120611450216721.mp4
540,巨乳TRY！ -短期集中揉乳n堂-,https://www.xrlu.com/storage/video/video/2020120611471716991.mp4
541,Free Friend,https://www.xrlu.com/storage/video/video/2020120611291215551.mp4
542,W美 2,https://www.xrlu.com/storage/video/video/2020120611403416211.mp4
543,爆乳姐姐把弟弟榨乾喔！ 1,https://www.xrlu.com/storage/video/video/2020120611531317931.mp4
544,鬼父 Rebuild 2,https://www.xrlu.com/storage/video/video/2020120611504617791.mp4
545,女子高生的腰姿 4,https://www.xrlu.com/storage/video/video/2020120611310115671.mp4
546,Madonna ～完熟肉wCollection～,https://www.xrlu.com/storage/video/video/2020120611502717651.mp4
547,性癖淫女友！,https://www.xrlu.com/storage/video/video/2020120611474717561.mp4
548,女子高生的腰姿 3,https://www.xrlu.com/storage/video/video/2020120611320015761.mp4
549,锌,https://www.xrlu.com/storage/video/video/2020120611521117821.mp4
550,鄄灰W派,https://www.xrlu.com/storage/video/video/2020120611320415821.mp4
551,公主T士W莉S {教 2,
552,乳色吐息 1,https://www.xrlu.com/storage/video/video/2020120611415616541.mp4
553,衮T士 Purely☆Kiss 2,https://www.xrlu.com/storage/video/video/2020120611325015911.mp4
554,危C！ -统?黑W站- 2,https://www.xrlu.com/storage/video/video/2020120611524817881.mp4
555,PANDRA 1,https://www.xrlu.com/storage/video/video/2020120611531617951.mp4
556,抖的p唇 FUZZY LIPS 1,https://www.xrlu.com/storage/video/video/2020120611521517851.mp4
557,悠悠哉哉 4,https://www.xrlu.com/storage/video/video/2020120611364516031.mp4
558,口交Pure,https://www.xrlu.com/storage/video/video/2020120611563518041.mp4
559,鬼父2 Revenge 2,https://www.xrlu.com/storage/video/video/2020120611565718101.mp4
560,TROPICAL KISS 3,https://www.xrlu.com/storage/video/video/2020120611565518071.mp4
561,要_涌！精液 1,https://www.xrlu.com/storage/video/video/2020120611534317981.mp4
562,美_性奴L 衣,https://www.xrlu.com/storage/video/video/2020120611592418131.mp4
563,俘的契s ～榧胰双I出身w的姐姐和妹妹～ 2,https://www.xrlu.com/storage/video/video/2020120611503717761.mp4
564,JKcF人兵F ～被贺i鬼凌虐的}女W@～ 2,https://www.xrlu.com/storage/video/video/2020120611403516241.mp4
565,鬼畜 ～母姐妹{教日～ 2,https://www.xrlu.com/storage/video/video/2020120611403616271.mp4
566,Tenioha! 2,https://www.xrlu.com/storage/video/video/2020120611403716331.mp4
567,悠悠哉哉 3,https://www.xrlu.com/storage/video/video/2020120611403816361.mp4
568,鬼父 Rebuild 1,https://www.xrlu.com/storage/video/video/2020120612003018191.mp4
569,甜美姐姐！ 1,https://www.xrlu.com/storage/video/video/2020120611525417901.mp4
570,我的大奶淫姐 1,https://www.xrlu.com/storage/video/video/2020120611404716421.mp4
571,小耗女友 1,https://www.xrlu.com/storage/video/video/2020120611405016451.mp4
572,公主T士W莉S {教 1,https://www.xrlu.com/storage/video/video/2020120611405116481.mp4
573,δ忍雪L 1,https://www.xrlu.com/storage/video/video/2020120611405316511.mp4
574,鬼父2 Revenge 1,https://www.xrlu.com/storage/video/video/2020120612001218161.mp4
575,奴`兔c安|尼 1,https://www.xrlu.com/storage/video/video/2020120611415716571.mp4
576,JUNK LAND 1,https://www.xrlu.com/storage/video/video/2020120611415816601.mp4
577,鬼畜 ～母姐妹{教日～ 1,https://www.xrlu.com/storage/video/video/2020120611415916631.mp4
578,Tenioha! 1,https://www.xrlu.com/storage/video/video/2020120611415916661.mp4
579,悠悠哉哉 2,https://www.xrlu.com/storage/video/video/2020120611420116691.mp4
580,θ Ball Buster 1,https://www.xrlu.com/storage/video/video/2020120611563218011.mp4
581,女子高生的腰姿 2,https://www.xrlu.com/storage/video/video/2020120611450316751.mp4
582,蛇神大人慰安祭 ～NTR村淫夜T～ 1,https://www.xrlu.com/storage/video/video/2020120611450416781.mp4
583,妹天堂！2 第2,https://www.xrlu.com/storage/video/video/2020120611450516811.mp4
584,情少女系 2,https://www.xrlu.com/storage/video/video/2020120611450616841.mp4
585,母娘y^ 1,https://www.xrlu.com/storage/video/video/2020120611450716871.mp4
586,心映椴澹　天使c耗У恼ゾ大稹 2,
587,悠悠哉哉 1,https://www.xrlu.com/storage/video/video/2020120611451116931.mp4
588,被不良男插入受精的巨乳 2,https://www.xrlu.com/storage/video/video/2020120611451216961.mp4
589,真?秘巡[ 1,https://www.xrlu.com/storage/video/video/2020120612042218221.mp4
590,RIN×SEN＋Ran→Sem Cross Mix 2,https://www.xrlu.com/storage/video/video/2020120611471817021.mp4
591,猥C 1,https://www.xrlu.com/storage/video/video/2020120611472017051.mp4
592,L奸山 1,
593,女子高生的腰姿 1,https://www.xrlu.com/storage/video/video/2020120611472217111.mp4
594,妹天堂！2 第1,https://www.xrlu.com/storage/video/video/2020120611472417141.mp4
595,情少女系 1,https://www.xrlu.com/storage/video/video/2020120611472517171.mp4
596,JKcF人兵F ～被贺i鬼凌虐的}女W@～ 1,https://www.xrlu.com/storage/video/video/2020120611472617201.mp4
597,凌成。　W@美少女制裁秘～ 2,https://www.xrlu.com/storage/video/video/2020120611472717231.mp4
598,牝性 -面具- 1,https://www.xrlu.com/storage/video/video/2020120611472817261.mp4
599,衮T士 Purely☆Kiss 1,
600,RIN×SEN＋Ran→Sem Cross Mix 1,https://www.xrlu.com/storage/video/video/2020120611473117321.mp4
601,３M男 Last Order 1,https://www.xrlu.com/storage/video/video/2020120611473217351.mp4
602,救救草食系的我吧！ 1,https://www.xrlu.com/storage/video/video/2020120611473417381.mp4
603,被不良男插入受精的巨乳 1,https://www.xrlu.com/storage/video/video/2020120611473517411.mp4
604,心映椴澹　天使c耗У恼ゾ大稹 1,https://www.xrlu.com/storage/video/video/2020120611473617441.mp4
605,凌成。　W@美少女制裁秘～ 1,https://www.xrlu.com/storage/video/video/2020120611473717471.mp4
606,}黑木耳W@援交日,https://www.xrlu.com/storage/video/video/2020120611473817501.mp4
607,巨乳幻想 1,https://www.xrlu.com/storage/video/video/2020120611474017531.mp4
608,c真希u的F在 1,https://www.xrlu.com/storage/video/video/2020120612073818281.mp4
609,黑F 1,https://www.xrlu.com/storage/video/video/2020120611474817591.mp4
610,工口[颍H和[蚨家_l 2,https://www.xrlu.com/storage/video/video/2020120611474817621.mp4
611,工口[颍H和[蚨家_l 1,https://www.xrlu.com/storage/video/video/2020120612042618251.mp4
612,人家一c都不喜g啦！ 13,https://www.xrlu.com/storage/video/https://gss3.baidu.com/6LZ0ej3k1Qd3ote6lo7D0j9wehsv/tieba-smallvideo/6331_cbf7300b16f7722f9a2f0a30a8d291a0.mp4
613,之空 12,https://www.xrlu.com/storage/video/video/2020120611503217701.mp4
614,BUST TO BUST -胸w胸乳w乳-,https://www.xrlu.com/storage/video/video/2020120611503317731.mp4
